Frame,TTC Lidar,TTC Camera
1,12.9722,-1
2,12.264,10.7161
3,13.9161,12.863
4,15.804,40.2406
5,12.5951,-78.9129
6,7.14812,13.5267
7,34.3404,0.113897
8,18.7875,-inf
9,15.8894,11.2933
10,9.85736,-inf
11,14.9877,-1
12,10.1,-1
13,9.22307,-1
14,10.9678,-1
15,8.09422,-1
16,8.81392,-267.406
17,10.2926,-1
18,8.30978,-1
19,7.64316,-1
